-- phpMyAdmin SQL Dump
-- version 2.11.7.1
-- http://www.phpmyadmin.net
--
-- Host: localhost
-- Generation Time: Oct 01, 2016 at 08:10 PM
-- Server version: 5.5.52
-- PHP Version: 5.5.9-1ubuntu4.19

SET SQL_MODE="NO_AUTO_VALUE_ON_ZERO";


/*!40101 SET @OLD_CHARACTER_SET_CLIENT=@@CHARACTER_SET_CLIENT */;
/*!40101 SET @OLD_CHARACTER_SET_RESULTS=@@CHARACTER_SET_RESULTS */;
/*!40101 SET @OLD_COLLATION_CONNECTION=@@COLLATION_CONNECTION */;
/*!40101 SET NAMES utf8 */;

--
-- Database: `gpsdb`
--

-- --------------------------------------------------------

--
-- Table structure for table `datei`
--

CREATE TABLE IF NOT EXISTS `datei` (
  `id` int(11) NOT NULL AUTO_INCREMENT,
  `bezeichnung` varchar(120) COLLATE latin1_german1_ci NOT NULL,
  `beschreibung` text COLLATE latin1_german1_ci NOT NULL,
  `filename` varchar(120) COLLATE latin1_german1_ci NOT NULL,
  `quelle` tinyint(4) NOT NULL,
  `kategorie` tinyint(4) NOT NULL,
  `status` tinyint(4) NOT NULL,
  `groesse` int(11) NOT NULL,
  `datum` date NOT NULL,
  `sort` tinyint(4) NOT NULL,
  `lat_max` double NOT NULL,
  `lat_min` double NOT NULL,
  `lon_max` double NOT NULL,
  `lon_min` double NOT NULL,
  `trkpt_count` int(11) NOT NULL,
  `trk_date` date NOT NULL,
  `distance` double NOT NULL,
  PRIMARY KEY (`id`)
) ENGINE=MyISAM  DEFAULT CHARSET=latin1 COLLATE=latin1_german1_ci AUTO_INCREMENT=396 ;

--
-- Dumping data for table `datei`
--

INSERT INTO `datei` (`id`, `bezeichnung`, `beschreibung`, `filename`, `quelle`, `kategorie`, `status`, `groesse`, `datum`, `sort`, `lat_max`, `lat_min`, `lon_max`, `lon_min`, `trkpt_count`, `trk_date`, `distance`) VALUES
(13, 'Spaziergang', '', 'Spaziergang.gpx', 1, 4, 1, 22252, '2009-05-04', 0, 51.572327, 51.570496, 8.088272, 8.086472, 167, '2007-06-14', 1.03633620635),
(12, 'Weg nach Soest', '', 'Weg nach Soest.gpx', 1, 2, 1, 307557, '2009-05-04', 0, 51.72049, 51.56842, 8.104843, 7.799973, 2327, '2007-06-17', 37.3062279059),
(11, 'Maxi-Route Teil 1', '', 'Maxi-Route-Teil1-bereinigt.gpx', 1, 1, 1, 499262, '2009-05-04', 0, 51.732335, 51.671428, 7.837928, 7.710585, 6833, '1970-01-01', 31.8051340591),
(108, 'Panorama-Route', '', 'Maxi-Route-2009-05-01.gpx', 1, 1, 1, 449331, '2009-05-11', 0, 51.717238, 51.684093, 7.860588, 7.774876, 3835, '2008-05-01', 14.4267975811),
(14, 'Alsfeld - Hamm', '', 'Alsfeld-Hamm.gpx', 1, 3, 1, 935383, '2009-05-04', 0, 51.688467, 50.736847, 9.60113, 7.802736, 7373, '2008-04-20', 233.332878268),
(15, 'Berlin', 'Marathon-Hopping 2007 in Berlin', 'BerliSoest-Gesamt.gpx', 1, 2, 1, 221430, '2009-05-04', 0, 52.525436, 52.4785, 13.445145, 13.330734, 1663, '2007-09-29', 34.1541521964),
(16, 'Düsseldorf - Bahnfahrt', '', 'Düsseldorf-Bahn.gpx', 1, 2, 1, 333582, '2009-05-04', 0, 51.685135, 51.462387, 7.809845, 7.135773, 2525, '2007-06-15', 64.2658849469),
(18, 'Maxi-Radroute Teil 2', 'Die Maxi-Radroute führt entlang der Grenzen der Stadt Hamm. Hier der östliche Teil über Sandbochum, Pelkum, Wiescherhöfen und zurück entlang der Bahnllinie.', 'Maxi-Radtour-Pelkum.gpx', 1, 1, 1, 1015376, '2009-05-04', 0, 51.687377, 51.628353, 7.80742, 7.685313, 8056, '2009-04-10', 28.9293880064),
(19, 'Maxi-Radroute  Teil 3', 'Die Maxi-Radroute führt entlang der Stadtgrenzen von Hamm. Hier der westliche und südliche Teil der Route.', '2009-04-16.gpx', 1, 1, 1, 972032, '2009-05-04', 0, 51.685097, 51.58757, 7.954033, 7.757885, 7713, '2009-04-16', 39.6903029343),
(21, 'Maxi-Radroute (Stadt Hamm)', '', 'Maxi-Radroute.gpx', 2, 8, 1, 59468, '2009-05-04', 2, 51.7322588, 51.5875985, 7.9685553, 7.6851737, 633, '2008-04-28', 85.1599016104),
(22, 'Leipzig - Hamm Teil 1', '', '2009-04-26-1.gpx', 1, 3, 1, 1200951, '2009-05-04', 0, 51.346063, 50.736443, 12.41139, 9.278655, 9390, '2009-04-26', 295.485403644),
(23, 'Leipzig - Hamm Teil 2', '', '2009-04-26-2.gpx', 1, 3, 1, 940822, '2009-05-04', 0, 51.688465, 50.736425, 9.601109, 7.802558, 7415, '2009-04-26', 233.419748203),
(25, 'Ruhrtal-Radweg', '', 'RuhrtalRadweg.gpx', 2, 8, 1, 111031, '2009-05-04', 70, 51.499069, 51.198258, 8.559568, 6.72226744277393, 2107, '2007-05-07', 233.797188272),
(26, 'Ostseeküsten-Radweg', '', 'Ostsee.gpx', 2, 8, 1, 503160, '2009-05-05', 10, 54.6783373, 53.888041, 14.1962409, 10.85971, 5980, '1970-01-01', 592.599659497),
(48, 'Diemel-Radweg', '', 'Diemel.gpx', 2, 8, 1, 169216, '2009-05-07', 40, 51.641407, 51.266884, 9.474093, 8.651554, 2084, '2009-04-19', 110.516965874),
(27, 'Elbe-Radweg', 'Von der Mündung bis zur Quelle', 'Elbe-Radweg Decin-Cuxhaven 2005.gpx', 2, 8, 1, 415718, '2009-05-05', 100, 53.8615727, 50.7749672, 14.2355833, 8.7028029, 5333, '2007-06-10', 827.216488886),
(80, 'Römerroute Hamm-Lippstadt', 'Von Hamm nach Lippstadt entlang der Römerroute.', 'Roemerroute-bis-Lippstadt.gpx', 3, 1, 1, 139113, '2009-05-10', 0, 51.694964357, 51.654626112, 8.34839425, 7.800035058, 1319, '2009-05-10', 49.396483235),
(29, '1 - Bozen-Trient', '', 'Bozen-Trient-d.gpx', 1, 7, 1, 1678414, '2009-05-06', 10, 46.498659, 46.07285, 11.355253, 11.08471, 13081, '2008-09-13', 64.7439178464),
(30, '2 - Trient-Gardasee', '', 'Trient-Gardasee.gpx', 1, 7, 1, 1449858, '2009-05-06', 20, 46.07334, 45.851252, 11.125943, 10.862658, 11296, '2008-09-14', 50.5353945826),
(31, '4 - Gardasee-Verona', '', 'Gardasee-Verona2.gpx', 1, 7, 1, 1501172, '2009-05-06', 40, 45.458916, 45.393138, 10.974193, 10.614138, 11767, '2008-09-15', 49.5040830943),
(32, '6 - Vicence-Albano-Terme', '', 'Vicence-Albano-Terme.gpx', 1, 7, 1, 1095658, '2009-05-06', 50, 45.54389, 45.354945, 11.784435, 11.543119, 8625, '2008-09-17', 36.9700011889),
(33, '7 - Albano-Terme-Maestre', '', 'Albano-Terme-Maestre1.gpx', 1, 7, 1, 1436229, '2009-05-06', 60, 45.48514, 45.347581, 12.211219, 11.781685, 11493, '2008-09-18', 48.688276144),
(34, 'Venedig 4', '', 'Venedig4.gpx', 1, 7, 2, 373605, '2009-05-06', 120, 45.445647, 45.440142, 12.338381, 12.320122, 2923, '2008-09-20', 9.11125495724),
(35, '8 - Venedig', '', 'Venedig.gpx', 1, 7, 1, 526224, '2009-05-06', 100, 45.492277, 45.428002, 12.34238, 12.231362, 4179, '2008-09-18', 20.9293698229),
(36, 'Venedig 2', '', 'Venedig2.gpx', 1, 7, 2, 1285371, '2009-05-06', 110, 45.492453, 45.42397, 12.370092, 12.208852, 10159, '2008-09-19', 50.8609429654),
(76, 'Haßfurt - Volkach', '', 'Main-5b.gpx', 1, 5, 2, 1291180, '2009-05-09', 70, 50.057275, 49.86749, 10.50242, 10.163465, 12062, '2008-05-11', 55.5108364659),
(77, 'Haßfurt - Volkach', '', 'Main-5b-korr.gpx', 1, 5, 1, 1363624, '2009-05-09', 70, 50.057275, 49.86749, 10.50242, 10.163465, 12062, '2008-05-11', 55.5108364659),
(38, 'Kulmbach-Lichtenfels', '', 'Main-2b.gpx', 1, 5, 1, 1233212, '2009-05-06', 20, 50.165798, 50.095633, 11.448895, 11.059978, 9621, '2008-05-08', 40.3656294292),
(39, 'home', 'home', 'Main-3a.gpx', 3, -1, 1, 281436, '2009-05-06', 40, 49.939297, 49.890258, 10.891747, 10.869107, 2192, '2008-05-09', 9.1628716172658),
(40, 'Bamberg-Haßfurt', '', 'Main-4b.gpx', 1, 5, 1, 1164783, '2009-05-06', 50, 50.033302, 49.890122, 10.88726, 10.50509, 9071, '2008-05-10', 43.3489968211),
(43, 'Volkach-Würzburg', '', 'Main-6b.gpx', 1, 5, 1, 2046362, '2009-05-06', 80, 49.867877, 49.663345, 10.226696, 9.926044, 15995, '2008-05-12', 71.666165987),
(45, 'Main-Radtour gesamt', 'Gesamt Main-Radweg<br />\r\nQuelle unbekannt', 'main.gpx', 2, 8, 1, 451116, '2009-05-06', 30, 50.165841, 49.665576, 11.570967, 8.27179, 5200, '1970-01-01', 507.56387683),
(46, 'Bad Blankenburg - Kahla', '', 'Saale-080724d.gpx', 1, 6, 1, 2060449, '2009-05-06', 10, 50.80446, 50.645607, 11.591247, 11.265956, 16084, '2008-07-24', 55.5765343236),
(47, 'Umgebung Kornmersch', '', '2009-05-03.gpx', 1, 2, 1, 168269, '2009-05-06', 0, 51.689155, 51.682657, 7.805195, 7.779008, 1334, '2009-05-03', 5.78628498612),
(49, 'Hamm über Heeßen', '', '2008-04-20.gpx', 1, 1, 1, 375998, '2009-05-07', 0, 51.713975, 51.68326, 7.837887, 7.776539, 2982, '2008-04-20', 14.2297796145),
(50, 'Hamm-Osterspaziergang.gpx', '', 'Hamm-Osterspaziergang.gpx', 1, 4, 1, 448880, '2009-05-07', 0, 51.698854, 51.68324, 7.840719, 7.799825, 3560, '2008-03-23', 5.21878254571),
(51, 'In Hamm', '', 'Fahrad-Test.gpx', 1, 2, 1, 48206, '2009-05-07', 0, 51.685883, 51.68248, 7.813721, 7.800034, 364, '2007-06-13', 2.31580974896),
(52, 'Ostern2.gpx', '', 'Ostern2.gpx', 1, 4, 1, 518441, '2009-05-07', 0, 51.68566, 51.680522, 7.814283, 7.77865, 4111, '2008-03-24', 6.44540139531),
(53, 'Gronau.gpx', '', 'Gronau.gpx', 1, 3, 1, 386126, '2009-05-07', 0, 52.170105, 51.684784, 7.802765, 7.290695, 2924, '2007-07-14', 74.819547917),
(54, 'Enschede-Irene Parkhaus.gpx', '', 'Enschede-Irene Parkhaus.gpx', 1, 3, 1, 24466, '2009-05-07', 0, 52.222885, 51.685028, 7.802658, 6.897995, 487, '1970-01-01', 105.746542288),
(55, 'Anfahrt', 'Anfahrt mit dem Zug', 'Elberadtour-Tag0-a.gpx', 1, 9, 1, 1303053, '2009-05-07', 0, 52.423447, 51.67749, 12.246323, 7.806061, 9824, '2007-06-24', 414.801869325),
(56, 'Dessau - Wörlitz', '', 'Elberadtour-Tag1-a.gpx', 1, 9, 1, 558590, '2009-05-07', 0, 51.86734, 51.836334, 12.417664, 12.221085, 4198, '2007-06-25', 27.0144769961),
(57, 'Wittenberg - (unvollständig)', '', 'Elberadtour-Tag2-a.gpx', 1, 9, 1, 545193, '2009-05-07', 0, 51.864197, 51.787186, 12.869476, 12.654388, 4098, '2007-06-26', 25.8983020994),
(58, 'Wittenberg - Pretsch', '', 'Elberadtour-Tag2-b.gpx', 1, 9, 1, 905517, '2009-05-07', 0, 51.864197, 51.713882, 12.869476, 12.654388, 6807, '2007-06-26', 46.2009097194),
(59, 'Wittenberg - Togau', '', 'Elberadtour-Tag3-b.gpx', 1, 9, 1, 1547454, '2009-05-07', 0, 51.864197, 51.603699, 12.995544, 12.654388, 11633, '2007-06-26', 77.4960431598),
(60, 'Spaziergang Torgau', '', 'Elberadtour-Tag3-c.gpx', 1, 9, 2, 53171, '2009-05-07', 0, 51.56102, 51.558289, 13.004532, 12.989212, 398, '2007-06-27', 2.75339075875),
(61, 'Torgau - Mühlberg', '', 'Elberadtour-Tag4-a.gpx', 1, 9, 1, 722552, '2009-05-07', 0, 51.560043, 51.431351, 13.214905, 12.989334, 5429, '2007-06-28', 33.6427591773),
(64, 'Torgau - Mühlberg', '', 'Elberadtour-Tag4-b.gpx', 1, 9, 2, 827562, '2009-05-07', 0, 51.560043, 51.417053, 13.226471, 12.989334, 6218, '2007-06-28', 39.0789502456),
(65, 'Torgau - Dresden/Radebeul', '', 'Elberadtour-Tag5-a.gpx', 1, 9, 1, 1200178, '2009-05-07', 0, 51.560043, 51.098984, 13.621567, 12.989334, 9004, '2007-06-28', 90.8051473929),
(70, 'Dresden', '', 'Dresden2.gpx', 1, 9, 2, 154463, '2009-05-07', 0, 51.067841, 51.039322, 13.777557, 13.726883, 1152, '2007-06-30', 11.8241106798),
(71, 'Dresden', '', 'Dresden3.gpx', 1, 9, 2, 154463, '2009-05-07', 0, 51.067841, 51.039322, 13.777557, 13.726883, 1152, '2007-06-30', 11.9613566658),
(72, 'Dresden', '', 'Dresdenn.gpx', 1, 9, 2, 154463, '2009-05-07', 0, 51.067841, 51.039322, 13.777557, 13.726883, 1152, '2007-06-30', 11.8241106798),
(74, 'Hamm-Ameke-Walstedde', '', 'Hamm-Ameke-Walstedde-2009-05-09.gpx', 3, 1, 1, 83392, '2009-05-09', 0, 51.7622737, 51.6832776, 7.8378798, 7.7375371, 598, '2009-05-09', 28.1960786092),
(75, 'Bayreuth-Kulmbach', '1. Tag der Main-Radtour Pfingsten 2008', 'Main-1b.gpx', 1, 5, 1, 972238, '2009-05-09', 10, 50.11262, 49.94883, 11.566643, 11.414486, 7591, '2008-05-07', 32.3012853277),
(78, 'Römerroute', '', 'RR_2008_gesamt.GPX', 2, 8, 1, 576740, '2009-05-09', 60, 51.93655, 51.60921, 8.91863, 6.45313, 4418, '2005-10-08', 315.699026239),
(81, 'Anfahrt', 'Anreise mit der  Bahn aufgezeichnet von Saalfeld/Saale durch das wunderschöne Saaletal über Lichtenfels bis nach Bayreuth.\r\n\r\n', 'Main-0.gpx', 1, 5, 1, 844826, '2009-05-10', 5, 50.649505, 49.94415, 11.603887, 11.058422, 6588, '2008-05-06', 155.378845502),
(92, 'Zug Hamm-Soest', '', 'Hamm-Soest.gpx', 1, 2, 1, 227813, '2009-05-10', 0, 51.689102, 51.569995, 8.09492, 7.781125, 1806, '2008-02-27', 29.6272951277),
(90, 'Rückweg (Bahn von Venedig)', '', 'Venedig-Milano1.gpx', 1, 7, 2, 414789, '2009-05-10', 127, 45.542323, 45.401955, 12.310545, 11.267482, 3304, '2008-09-20', 94.325143961),
(82, '3 - Gardasee', '', 'Gardasee-2.gpx', 1, 7, 1, 3220093, '2009-05-10', 30, 46.07334, 45.477837, 11.125943, 10.528773, 25210, '2008-09-14', 126.226044729),
(84, 'Kahla - Naumburg', '', 'Saale-080725ee.gpx', 1, 6, 1, 2314345, '2009-05-10', 20, 51.154152, 50.803075, 11.807867, 11.584193, 18069, '2008-07-25', 68.2731957136),
(85, 'Naumburg - Merseburg', '', 'Saale-080726d.gpx', 1, 6, 1, 1665299, '2009-05-10', 30, 51.36225, 51.153123, 12.064652, 11.81238, 13075, '2008-07-26', 48.6352206988),
(86, 'Merseburg - Halle', '', 'Saale-080727b.gpx', 1, 6, 1, 932064, '2009-05-10', 40, 51.483548, 51.358678, 12.001477, 11.93617, 7325, '2008-07-27', 25.0552415887),
(87, 'Halle (Saale)', '', 'Saale-080727stadt.gpx', 1, 6, 1, 509078, '2009-05-10', 50, 51.503952, 51.47849, 11.981178, 11.948837, 3972, '2008-07-27', 14.3590816892),
(88, 'Sattelfest 2008 (2. Teil)', 'zurück mit der Bahn', '2008-07-20c.gpx', 1, 1, 1, 428346, '2009-05-10', 20, 51.684943, 51.571977, 8.106588, 7.80532, 3396, '2008-07-20', 34.8238800477),
(89, 'Radtour99.gpx', '', 'Radtour99.gpx', 1, 1, 2, 150506, '2009-05-10', 0, 51.720551, 51.683258, 7.837936, 7.799957, 1139, '2007-06-17', 7.4710419465),
(91, 'Werse-Radweg über Ahlen bis Oelde', '', '2009-05-01-Werse-2.gpx', 1, 1, 1, 1567863, '2009-05-10', 0, 51.829339, 51.683263, 8.145155, 7.799937, 12403, '2009-05-01', 44.9696528633),
(93, 'Diverse Tracks', '', '2008-06-14.gpx', 1, 2, 1, 2705272, '2009-05-10', 0, 51.781582, 49.794728, 9.938557, 7.514368, 21351, '2008-05-14', 907.794924406),
(104, 'Hamm am Kanal', 'Fahrt entlang des <a href="http://de.wikipedia.org/wiki/Datteln-Hamm-Kanal" target="_blank">Datteln-Hamm-Kanals</a> von der Radbod- bis zur Lippestraße.', '2009-04-15-Kanalfahrt.gpx', 1, 1, 1, 509838, '2009-05-11', 0, 51.698868, 51.680517, 7.86592, 7.778662, 4044, '2009-04-15', 15.4475916703),
(96, 'Sattelfest 2008', 'Fahrradfest zwischen Hamm und Soest', '2008-07-20b.gpx', 1, 1, 1, 1293732, '2009-05-11', 10, 51.694985, 51.571977, 8.106588, 7.802331, 10264, '2008-07-20', 49.1948804351),
(101, 'Werse-Radweg Ahlen', 'Von Hamm Richtung Ahlen und dann auf dem Werseradweg Richtung Drensteinfurt (unvollständige Aufzeichung).', '2008-05-22-Teil2.gpx', 1, 1, 1, 960154, '2009-05-11', 0, 51.781582, 51.691075, 7.930096, 7.7375, 7613, '2008-05-22', 33.8234212771),
(102, 'Sattelfest 2007', 'Von Hamm nach Soest und zurück.', 'Soest-Gesamt.gpx', 1, 1, 1, 1251056, '2009-05-11', 0, 51.694977, 51.571884, 8.106537, 7.802612, 11906, '2007-07-22', 108.760149803),
(109, 'Maxi-Route über Bockum-Hövel', '', 'Maxi-Route-2009-05-04.gpx', 1, 1, 1, 800060, '2009-05-11', 0, 51.732335, 51.671428, 7.837928, 7.710585, 6833, '2008-05-04', 31.8051340591),
(110, 'Oder-Neiße-Radweg', 'nähere Infos <a href="http://www.deutschland-tourismus.de/DEU/natur_aktiv_erholung/aktivurlaub_radfahrerlebnis_deutschlands_grenzen.htm?uid=917d619b997e82d7098255a2d19edbae" target="_blank">hier</a>', 'OderNeisseRadweg_DRoute_12.gpx', 2, 8, 1, 218378, '2009-05-16', 24, 53.94231276, 50.68677, 15.22563, 13.6875, 4432, '1970-01-01', 649.409670397),
(111, 'Ostseeküstenradweg', '', 'OstseekuestenRadweg_DRoute_2.gpx', 2, 8, 1, 284711, '2009-05-16', 12, 54.85534674, 53.89232809, 14.22018531, 9.40435776, 5764, '1970-01-01', 801.110840908),
(112, 'Radweg-Zechenbahn', '', '2009-05-19-Mapping.gpx', 3, 2, 1, 109774, '2009-05-19', 0, 51.699494105, 51.681469744, 7.804213017, 7.769561727, 617, '2009-05-10', 15.0177474773),
(113, 'Werse-Radweg', '', 'WerseRadWeg1Haupttrack_tr.gpx', 2, 8, 1, 151024, '2009-05-20', 52, 52.0371508598328, 51.7430305480957, 8.29650163650513, 7.66716957092285, 1147, '2007-10-31', 102.600522092),
(114, 'Werse-Radtour Zechenbahn', 'Anschluss von Hamm an den Werseradweg über die alte Zechenbahn. ', 'WerseRadWeg2Zechenbahntrasse_tr.gpx', 2, 8, 1, 14648, '2009-05-20', 50, 51.7444252967834, 51.678786277771, 7.95414447784424, 7.80900478363037, 106, '2007-12-16', 19.4760286275),
(115, 'Werse-Radweg Drensteinfurt bis Münster', 'Von Hamm nach Drensteinfurt und dann entlang des Werse-Radweges bis zum Haus Dykhoff. Zurück zum Bahnhof Münster mit der Eurobahn nach Hamm.', '2009-05-20-Werseradtour.gpx', 3, 1, 1, 226632, '2009-05-21', 0, 51.987040909, 51.684252536, 7.80264426, 7.636331711, 2153, '2009-05-21', 59.0510537691),
(118, 'Hamm-Dolberg-Uentrop-Süddinker', '', 'Sonntagsrunde_v2.gpx', 3, 1, 1, 13882, '2009-05-22', 0, 51.715099793, 51.632829, 7.968485, 7.79992, 182, '2009-05-22', 40.8143266597),
(125, 'Diemel-Radtour 1. Tag', '', 'Diemel_1.gpx', 3, 10, 1, 104553, '2009-05-30', 10, 51.365718506, 51.266480712, 8.736450635, 8.604225609, 981, '2009-05-30', 24.9091072062),
(119, 'Hamm-Dolberg-Uentrop-Süddinker', '', '2009-05-24-Dolberg.gpx', 1, 2, 1, 1383734, '2009-05-24', 0, 51.715122, 51.63279, 7.968597, 7.799968, 10979, '2009-05-24', 43.6544853747),
(128, 'Diemel-Radtour 4. Tag', 'Von Trendelburg bis Bad Karlshafen. Anschließend entlang der Weser bis Höxter.', 'Diemel_4.gpx', 3, 10, 1, 149997, '2009-06-02', 40, 51.776099671, 51.575731449, 9.473966584, 9.372389736, 1416, '2009-06-02', 39.9595316105),
(129, 'Diemelradtour-Gesamtstrecke', '', 'Diemel_gesamt.gpx', 3, 10, 1, 641579, '2009-06-02', 5, 51.776099671, 51.266480712, 9.473966584, 8.604225609, 5532, '2009-05-30', 147.095030536),
(124, 'Hamm-Dolberg-Uentrop-Sueddinker', '', 'Hamm-Dolberg-Uentrop-Sueddinker.gpx', 3, 1, 1, 210396, '2009-05-24', 0, 51.7150864, 51.6328341, 7.9685756, 7.7999688, 1563, '2009-05-24', 42.4589363241),
(126, 'Diemel-Radtour 2. Tag', '', 'Diemel_2.gpx', 3, 10, 1, 228467, '2009-05-31', 20, 51.525569279, 51.365601579, 9.150274582, 8.725866303, 2150, '2009-05-31', 54.4699365539),
(127, 'Diemel-Radtour 3. Tag', '', 'Diemel_3a.gpx', 3, 10, 1, 138768, '2009-06-01', 30, 51.575825913, 51.479914812, 9.430732979, 9.146626191, 985, '2009-06-01', 27.7259423687),
(131, 'Hamm-Werne-Luedinghausen', '', 'Hamm_Werne_Luedinghausen.gpx', 2, 8, 1, 13077, '2009-06-07', 6, 51.778347, 51.649818, 7.802721, 7.441144, 180, '1970-01-01', 44.4103113743),
(132, 'Hamm-Hebern-Lüdingshausen', '', 'Hamm_Hebern_Luedingshausen.gpx', 2, 8, 1, 9813, '2009-06-07', 4, 51.778347, 51.684246, 7.802721, 7.441144, 133, '1970-01-01', 38.6080014892),
(133, 'Kurpark-Obi', '', 'Mapping1.gpx', 3, 2, 2, 47553, '2009-06-13', 0, 51.702331631, 51.681154417, 7.844318328, 7.802099437, 447, '2009-06-13', 10.8506600325),
(134, 'Römerradweg Lippstadt-Paderborn', '', 'RR-Lippstadt-Paderborn.gpx', 3, 1, 1, 228541, '2009-06-14', 0, 51.761793857, 51.669660481, 8.756662421, 8.301453665, 2169, '2009-06-14', 58.6677499049),
(135, 'Ostseeküstenradweg', 'Quelle ADFC', 'ADFC.gpx', 2, 8, 1, 157086, '2009-07-11', 14, 54.45068, 53.892328, 14.22012, 10.86689, 2361, '1970-01-01', 376.914238976),
(136, 'Tag 1: Travemuende - Wismar', '', 'Tag_1-Travemuende-Wismar.gpx', 3, 11, 1, 244600, '2009-07-14', 0, 54.012935674, 53.891077135, 11.461706506, 10.866961526, 2307, '2009-07-14', 58.8762949269),
(139, 'Tag 2: Wismar - Kuehlungsborn', '', 'Tag_2_Wismar-Kuehlungsborn.2.gpx', 3, 11, 1, 299896, '2009-07-16', 0, 54.153110348, 53.896419257, 11.745392606, 11.43828948, 2119, '2009-07-15', 60.581578137),
(146, 'Tag 3: Kuehlungsborn - Rostock', '', 'Tag_3_Kuehlungsborn-Rostock.gpx', 3, 11, 1, 221288, '2009-07-20', 0, 54.177373275, 54.087128676, 12.142969659, 11.745254053, 1562, '2009-07-16', 37.7600358427),
(143, 'Tag 4. Rostock - Ahrenshoop', '', 'Tag_4-Rostock-Ahrenshoop.gpx', 3, 11, 1, 269149, '2009-07-18', 0, 54.362100111, 54.087618683, 12.413962875, 12.089649523, 1904, '2009-07-17', 50.4363710662),
(142, 'Tag 5:  Ahrenshoop - Barth', '', 'Tag_5-Ahrenshoop-Barth.gpx', 3, 11, 1, 187036, '2009-07-18', 0, 54.450898664, 54.356969213, 12.752045095, 12.40932676, 1760, '2009-07-18', 46.9090766075),
(144, 'Tag 6: Barth - Stralsund', '', 'Tag_6-Barth-Stralsund.gpx', 3, 11, 1, 203825, '2009-07-19', 0, 54.434114741, 54.31042484, 13.095269278, 12.725327779, 1923, '2009-07-19', 53.447643742),
(145, 'Tag 7: Stralsund - Greifswald', '', 'Tag_7-Stralsund-Greifswald.gpx', 3, 11, 1, 145713, '2009-07-20', 0, 54.310462391, 54.095881982, 13.379071299, 13.088524612, 1374, '2009-07-20', 36.6350349225),
(147, 'Tag 8: Greifswald - Wolgast', '', 'Tag_8-Greifswald-Wolgast.gpx', 3, 11, 1, 220638, '2009-07-21', 0, 54.1439356, 54.053341476, 13.783728881, 13.373578219, 2081, '2009-07-21', 56.2780082943),
(148, 'Tag 9: Wolgast - Ahlbeck', '', 'Tag_9-Wolgast-Ahlbeck.gpx', 3, 11, 1, 173144, '2009-07-22', 0, 54.095445955, 53.942710999, 14.187257504, 13.779373812, 1634, '2009-07-22', 41.5342182768),
(150, 'Tag 10: Ausflug Swinemuende', '', 'Tag_10-Ausflug-Swinemuende.gpx', 1, 11, 1, 122993, '2009-07-24', 0, 53.943094555, 53.907141052, 14.279376296, 14.184932364, 1160, '2009-07-23', 20.5200282601),
(151, 'Ostseeküstenradweg - Gesamtstrecke', '', 'Gesamtroute.gpx', 3, 11, 1, 1779799, '2009-07-26', 5, 54.450898664, 53.891077135, 14.187257504, 10.866961526, 16827, '2009-07-14', 445.546445625),
(152, 'Laufstrecke', '', 'Hamm.gpx', 1, 2, 1, 287015, '2009-09-07', 0, -100, 100, -100, 100, 0, '1970-01-01', 0),
(153, 'Kollegiumsausflug Soest', '', '2009-09-10-Soest.gpx', 3, 1, 1, 95507, '2009-09-10', 0, 51.579382606, 51.547971256, 8.104827963, 7.973757209, 903, '2009-09-10', 25.5317091722),
(154, 'Radtour zur Marina Rünthe', '', '2009-09-20.gpx', 1, 1, 1, 618208, '2009-09-21', 0, 51.687321, 51.636031, 7.807438, 7.640556, 5236, '2009-09-20', 36.4878544751),
(155, 'Westerwinkel', '', '2009-09-27-Westerwinkel.gpx', 3, 1, 1, 124889, '2009-09-27', 0, 51.742378939, 51.657235986, 7.802685499, 7.634032555, 1184, '2009-09-27', 42.2723922457),
(156, 'Hamm-Westerwinkel', 'Aufgezeichnet mit dem Handy (HTC Hero)', '2009-09-27-Hero-Westerwinkel.gpx', 1, 1, 1, 589243, '2009-09-27', 0, 51.742397, 51.657199, 7.802712, 7.634028, 5961, '2009-09-27', 42.5908041718),
(157, 'Col Raiser - Seiser Alm', '', 'ColRaiserSeiserAlm.gpx', 4, 12, 1, 741573, '2010-01-31', 0, 46.600651, 46.518999, 11.754952, 11.609678, 7351, '2010-01-29', 58.6013010394),
(159, 'Sellaronda grün', '', 'SellarondaGruen.gpx', 4, 12, 1, 767707, '2010-01-31', 0, 46.557521, 46.4778, 11.880796, 11.715556, 7610, '2010-01-27', 58.5129630144),
(160, 'Sellaronda orange', '', 'SellarondaOrange.gpx', 4, 12, 1, 759910, '2010-01-31', 0, 46.557548, 46.472656, 11.880356, 11.715384, 7533, '2010-01-26', 61.6690142878),
(161, 'Falzarego', '', 'Falzarego.gpx', 4, 12, 1, 771076, '2010-01-31', 0, 46.561458, 46.516284, 12.010234, 11.71547, 7643, '2010-01-28', 77.7617362161),
(162, 'St. Christina - Col Raiser', '', 'StChristina.gpx', 4, 12, 1, 528943, '2010-01-31', 0, 46.600688, 46.537238, 11.747152, 11.674883, 5241, '2010-01-25', 43.8269920315),
(163, 'Nach Alsfeld', '', 'NachAlsfeld.gpx', 4, 3, 2, 820049, '2010-01-31', 0, 51.688334, 50.75432, 9.600945, 7.802969, 8294, '2009-10-17', 228.590192613),
(169, 'Mainz - Koster Eberbach - Rüdesheim', '', 'Rheinradweg-Tag1.gpx', 3, 13, 1, 193622, '2010-05-22', 10, 50.044435272, 49.977798471, 8.28005014, 7.923147026, 1828, '2010-05-22', 42.2217754243),
(165, 'Kleine Runde ueber Heessen', '', 'Kleine_Runde_ueber_Heessen-etrex.gpx', 3, 1, 1, 56476, '2010-04-12', 0, 51.713970155, 51.683275038, 7.840744201, 7.778903777, 532, '2010-04-11', 13.7577742427),
(168, 'Lohhof', 'Radtour zum Freilichtmuseum Lohhof bei Welver', '2010-05-09-Lohhof.gpx', 3, 1, 1, 156863, '2010-05-09', 0, 51.695033424, 51.630772725, 8.000734951, 7.799968841, 1488, '2010-05-09', 43.2589219099),
(167, 'Römerroute nach Lippborg', '', 'Roemerroute-Lippborg.gpx', 3, 1, 1, 221640, '2010-05-01', 0, 51.694995956, 51.652566344, 8.052546009, 7.799935564, 2104, '2010-04-30', 57.892056619),
(170, 'Rüdesheim - St. Goar', '', 'Rheinradweg-Tag2a.gpx', 3, 13, 1, 162245, '2010-05-23', 20, 50.151335467, 49.968735036, 7.92359177, 7.714590188, 1534, '2010-05-22', 35.5943610561),
(171, 'St. Goar - Koblenz', '', 'Rheinradweg-Tag3.gpx', 3, 13, 1, 155510, '2010-05-25', 30, 50.357611338, 50.151047632, 7.714938372, 7.576242266, 1475, '2010-05-23', 40.1172807058),
(172, 'Koblenz - Bonn', '', 'Rheinradweg-Tag4.gpx', 3, 13, 1, 266478, '2010-05-25', 40, 50.737459492, 50.352368709, 7.611778183, 7.104767254, 2532, '2010-05-25', 71.9950325811),
(173, 'Bonn - Köln', '', 'Rheinradweg-Tag5.gpx', 3, 13, 1, 135609, '2010-05-26', 60, 50.9386484, 50.7368661, 7.107187, 6.9621672, 1285, '2010-05-25', 36.6827998954),
(174, 'Rheinradweg Gesamtstrecke', '', 'Rheinradweg-Tracks.gpx', 3, 13, 1, 1165627, '2010-05-26', 5, 50.9386484, 49.968735, 8.2800501, 6.9621672, 8645, '2010-05-22', 226.643802046),
(176, 'Rünthe-Hafenfest', '', '2010-06-06-Ruenthe-Hafenfest.gpx', 3, 1, 1, 95223, '2010-06-06', 0, 51.687341351, 51.640720787, 7.802722966, 7.642584862, 901, '2010-06-06', 28.7296684038),
(177, 'Hamm-Hövel-Heessen-Hamm', '', '2010-06-13-Nordrunde.gpx', 3, 1, 1, 68449, '2010-06-13', 0, 51.732276902, 51.68428422, 7.827937324, 7.760707252, 646, '2010-06-13', 18.6563416844),
(178, 'Oder-Neisse-Radweg', '', 'Oder-Neisse.gpx', 2, 8, 1, 260089, '2010-06-18', 22, 53.7374575, 50.6869833, 15.2272701, 14.0491198, 3002, '2010-06-18', 531.539555346),
(179, 'Oder-Neisse-Radweg-2', '', 'Tour_13966.gpx', 2, 8, 1, 458338, '2010-06-18', 20, 53.7372824, 51.1444433, 15.0206283, 14.0459787, 3754, '2010-06-12', 445.304004287),
(181, 'Hamm-Ahlen-Amecke', '', '2010-07-25-Hamm-Ahlen-Amecke.gpx', 3, 1, 1, 202624, '2010-07-25', 0, 51.766929, 51.6832793, 7.894795, 7.7375288, 1505, '2010-07-25', 41.224574256),
(182, 'Hamm-Soest', '', '2010-07-17-Hamm-Soest.gpx', 3, 1, 1, 136972, '2010-07-25', 0, 51.686530821, 51.572260754, 8.10652161, 7.799929697, 1298, '2010-07-18', 34.8644298256),
(184, '01-Zittau-Goerlitz', '', '01-Zittau-Goerlitz.gpx', 3, 14, 1, 182041, '2010-08-04', 10, 51.152766114, 50.889245952, 15.0001131, 14.809462354, 1696, '2010-08-03', 42.3525836263),
(186, '02-Goerlitz-Bad_Muskau', '', '02-Goerlitz-Bad_Muskau.gpx', 3, 14, 1, 357433, '2010-08-04', 20, 51.557745812, 51.152349617, 15.024577025, 14.709358625, 2596, '2010-08-04', 70.0653749551),
(189, '03-Bad_Muskau-Guben', '', '03-Bad_Muskau-Guben.gpx', 3, 14, 1, 285814, '2010-08-06', 30, 51.954591712, 51.556363972, 14.763499266, 14.584087143, 2020, '2010-08-05', 63.5009777941),
(188, '04-Guben-Frankfurt', '', '04-Guben-Frankfurt.gpx', 3, 14, 1, 301110, '2010-08-06', 40, 52.339213276, 51.953655286, 14.757587677, 14.54657075, 2134, '2010-08-06', 66.009618776),
(190, '05-Frankfurt-Gross Neuendorf', '', '05-Frankfurt-Gross_Neuendorf.gpx', 3, 14, 1, 285665, '2010-08-08', 50, 52.7007098, 52.3382492, 14.6299988, 14.4107962, 2114, '2010-08-07', 62.0406365704),
(192, '06-Gross Neuendord-Schwedt', '', '06-Gross_Neuendord-Schwedt.gpx', 3, 14, 1, 257897, '2010-08-08', 60, 53.057780592, 52.700489899, 14.411006458, 14.118268071, 1823, '2010-08-08', 60.2438455852),
(193, '07-Schwedt-Loecknitz', '', '07-Schwedt-Loecknitz.gpx', 3, 14, 1, 353922, '2010-08-09', 70, 53.4481235, 53.0544208, 14.438811, 14.2183819, 2534, '2010-08-09', 74.8377193731),
(196, 'Oder-Neise-Route-Gesamtstrecke.gpx', '', 'Oder-Neise-Route-Gesamtstrecke.gpx', 3, 14, 1, 2023510, '2010-08-10', 5, 53.7480693, 50.889245952, 15.024577025, 14.0456894, 17133, '2010-08-03', 497.969791559),
(195, '08-Loecknitz-Ueckermuende', '', '08-Loecknitz-Ueckermuende.gpx', 3, 14, 1, 299351, '2010-08-10', 80, 53.7480693, 53.4482058, 14.315775, 14.0456894, 2216, '2010-08-10', 58.7658670818),
(198, '2011-01-23-Sella_grn.gpx', '', '2011-01-23-Sella_grn.gpx', 4, 12, 1, 565230, '2011-01-23', 0, 46.556856, 46.477864, 11.873871, 11.742475, 5600, '2011-01-23', 46.8654006668),
(199, '2011-01-24-Sellarunde-Orange.gpx', '', '2011-01-24-Sellarunde-Orange.gpx', 4, 12, 1, 611665, '2011-01-24', 0, 46.556249, 46.472607, 11.879417, 11.747163, 6062, '2011-01-24', 48.2033515933),
(200, '2011-01-25-Santa-Croce.gpx', '', '2011-01-25-Santa-Croce.gpx', 4, 12, 1, 762663, '2011-01-25', 0, 46.614636, 46.497091, 11.943549, 11.810726, 7560, '2011-01-25', 62.978156943),
(201, '2011-01-26-St.Ulrich.gpx', '', '2011-01-26-St.Ulrich.gpx', 4, 12, 1, 572555, '2011-01-26', 0, 46.600554, 46.538397, 11.843401, 11.674802, 5674, '2011-01-26', 49.3383467849),
(202, '2011-01-27-Marmolada.gpx', '', '2011-01-27-Marmolada.gpx', 4, 12, 1, 742463, '2011-01-27', 0, 46.5564, 46.427396, 11.910826, 11.810688, 7359, '2011-01-27', 60.9764540231),
(203, '2011-01-28-Sella-gruen.gpx', '', '2011-01-28-Sella-gruen.gpx', 4, 12, 1, 618320, '2011-01-28', 0, 46.556829, 46.47832, 11.884868, 11.742469, 6128, '2011-01-28', 50.2204718336),
(204, 'Hamm-Walstedde', '', '2011-03-15.gpx', 3, 1, 1, 115551, '2011-03-13', 0, 51.7622651, 51.6843074, 7.8279506, 7.7375605, 800, '2011-03-13', 26.477724521),
(205, '2011-03-20-Spaziergang.gpx', '', '2011-03-20-Spaziergang.gpx', 3, 4, 1, 65546, '2011-03-20', 0, 51.6857565, 51.6813963, 7.8028757, 7.7788435, 482, '2011-03-20', 4.49493782733),
(211, 'Radplan-Tour2', 'Tour 2 vom Fahrrad-Stadtplan der Stadt Hamm', '2011-04-22-Radplan-Tour2.gpx', 3, 1, 1, 137340, '2011-04-22', 0, 51.7464632, 51.6832781, 7.865321, 7.7449358, 989, '2011-04-22', 33.470589391),
(215, 'Ahlen', 'Über die alte Bahntrasse nach Ahlen und zurück über Walstette', '2011-06-12-Ahlen.gpx', 3, 1, 1, 241135, '2011-06-12', 0, 51.7815181, 51.6832676, 7.938641, 7.795832, 1739, '2011-06-12', 45.9220310541),
(214, 'nach Rünthe', '', '2011-05-21.gpx', 3, 1, 1, 106309, '2011-05-21', 0, 51.6873087, 51.6498286, 7.8136841, 7.6751244, 762, '2011-05-21', 25.5520170151),
(236, '2011-07-30-Altenburg.gpx', '', '2011-07-30-Altenburg.gpx', 3, 4, 1, 101430, '2011-07-30', 0, 50.73708, 50.72568, 9.31126, 9.28864, 710, '2011-07-30', 4.57142268082),
(229, 'Erfttour_02.GPX', '', 'Erfttour_02.GPX', 3, 8, 1, 30516, '2011-06-18', 0, 50.82872, 50.55953, 6.90737, 6.76336, 668, '1970-01-01', 42.9480360768),
(232, 'Erft-Ahr-Radtour - gesamt', '', 'Erft-Ahr-Gesamt.gpx', 3, 15, 1, 1069721, '2011-06-26', 10, 50.9167431, 50.3681819, 7.2750306, 6.6454802, 7703, '2011-06-23', 180.105472047),
(225, 'Ahrtour_02.GPX', '', 'Ahrtour_02.GPX', 3, 8, 1, 32614, '2011-06-15', 0, 50.54739, 50.48853, 7.14477, 6.97158, 714, '1970-01-01', 22.367330495),
(224, 'Ahrtour_01.GPX', '', 'Ahrtour_01.GPX', 3, 8, 1, 15514, '2011-06-15', 0, 50.57939, 50.54236, 7.27802, 7.14434, 334, '1970-01-01', 18.4952845693),
(226, 'Ahrtour_03.GPX', '', 'Ahrtour_03.GPX', 3, 8, 1, 20914, '2011-06-15', 0, 50.48911, 50.36818, 6.97273, 6.59353, 454, '1970-01-01', 48.0005566234),
(227, 'Erfttour_03.GPX', '', 'Erfttour_03.GPX', 3, 8, 1, 17106, '2011-06-18', 0, 51.09315, 50.8063, 6.8324, 6.56806, 370, '1970-01-01', 47.9312164218),
(228, 'Erfttour_04.GPX', '', 'Erfttour_04.GPX', 3, 8, 1, 16071, '2011-06-18', 0, 51.20398, 51.09218, 6.73272, 6.58067, 347, '1970-01-01', 25.1427857127),
(230, 'Erfttour_01.GPX', '', 'Erfttour_01.GPX', 3, 8, 1, 17871, '2011-06-18', 0, 50.55972, 50.44233, 6.78555, 6.56455, 387, '1970-01-01', 31.1600104264),
(231, 'Erft-Ahr-Radtour - Tag 1', '', 'Erft-Ahr-Radtour.Tag_1.gpx', 3, 15, 1, 228638, '2011-06-23', 20, 50.9167431, 50.6598953, 6.8351288, 6.6920686, 1644, '2011-06-23', 41.1606011843),
(233, 'Erft-Ahr-Radtour - Tag 2', '', 'Erft-Ahr-Radtour.Tag_2.gpx', 3, 15, 1, 264684, '2011-06-27', 30, 50.6685341, 50.4369952, 6.8014407, 6.6454802, 1898, '2011-06-24', 37.904817083),
(234, 'Erft-Ahr-Radtour - Tag 3', '', 'Erft-Ahr-Radtour.Tag_3.gpx', 3, 15, 1, 322091, '2011-06-27', 40, 50.54286, 50.3681819, 7.0029918, 6.6474128, 2311, '2011-06-25', 54.5799441958),
(235, 'Erft-Ahr-Radtour - Tag 4', '', 'Erft-Ahr-Radtour.Tag_4.gpx', 3, 15, 1, 252585, '2011-06-27', 50, 50.6396362, 50.5110168, 7.2750306, 6.9919395, 1819, '2011-06-26', 45.5075294931),
(237, 'test', '', 'indx.gif.php', 3, 1, 1, 66403, '2011-10-19', 0, -100, 100, -100, 100, 0, '1970-01-01', 0),
(245, 'Hamm-Werne', '', '2012-03-25-Kanal.gpx', 3, 1, 1, 0, '2012-03-26', 0, -100, 100, -100, 100, 0, '1970-01-01', 0),
(239, 'Obergurgl - 06.02.12', '', '06_02_12_10_50.gpx', 4, 12, 1, 648251, '2012-02-15', 0, 46.90136, 46.84878, 11.08345, 11.0153, 6692, '2012-02-06', 58.959080402634),
(240, 'Obergurgl - 07.02.12', '', '07_02_12_09_48.gpx', 4, 12, 1, 477179, '2012-02-15', 0, 46.90139, 46.85886, 11.07463, 11.03233, 4924, '2012-02-07', 37.190242116083),
(241, 'Obergurgl - 08.02.12', '', '08_02_12_09_41.gpx', 4, 12, 1, 753493, '2012-02-15', 0, 46.90149, 46.84877, 11.08483, 11.01529, 7779, '2012-02-08', 63.852810814749),
(242, 'Obergurgl - 09.02.12', '', '09_02_12_10_23.gpx', 4, 12, 1, 657026, '2012-02-15', 0, 46.90144, 46.84873, 11.08356, 11.01523, 6782, '2012-02-09', 55.0462233439),
(243, 'Obergurgl - 10.02.12', '', '10_02_12_09_42.gpx', 4, 12, 1, 696281, '2012-02-15', 0, 46.9014, 46.85873, 11.08357, 11.03278, 7188, '2012-02-10', 60.301561260338),
(244, 'Obergurgl - 05.02.12', '', '05_02_12_10_31.gpx', 3, 12, 1, 578339, '2012-02-15', 0, 46.90146, 46.84869, 11.08356, 11.02259, 5969, '2012-02-05', 50.747981065199),
(248, 'Kanal-Tour', '', '2012-03-25-Kanal.gpx', 3, 1, 1, 198087, '2012-03-26', 0, 51.687308829, 51.643258911, 7.802697234, 7.633078694, 1363, '2012-03-25', 30.718374744516),
(249, 'Hamm Dortmund', 'von Naviki.org', 'hamm_-_dortmund.gpx', 2, 8, 1, 57405, '2012-03-27', 0, 51.6841753, 51.5099095, 7.8171369, 7.4636279, 735, '2012-03-27', 35.914691744243),
(250, 'Sudhoff.gpx', '', 'Sudhoff.gpx', 3, 8, 1, 98016, '2012-04-29', 0, 51.685955, 51.58875, 7.87599, 7.799924, 1249, '1970-01-01', 20.935541566779),
(251, 'Hamm-Hilbeck', '', '20120501.gpx', 3, 1, 1, 229602, '2012-05-01', 0, 51.685926, 51.548946, 7.875963, 7.799971, 2006, '2012-05-01', 55.381116681661),
(252, 'Moehnesee-Uferradweg', '', '2012-05-20-Moehnesee-Uferradweg.gpx', 3, 1, 1, 181201, '2012-05-20', 0, 51.4947523735464, 51.4633737970144, 8.1832586042583, 8.05325989611447, 1128, '2012-05-20', 27.349085100853),
(253, '2012-05-25-Main-Radtour.gpx', '', '2012-05-25-Main-Radtour.gpx', 3, 16, 1, 59319, '2012-06-03', 0, 49.836699, 49.795642, 9.935496, 9.865869, 417, '2012-05-25', 9.7283976255881),
(254, '2012-05-26-Main-Radtour.gpx', '', '2012-05-26-Main-Radtour.gpx', 3, 16, 1, 224440, '2012-06-03', 0, 50.055525, 49.8251, 9.874645, 9.690156, 1587, '2012-05-26', 38.853045777392),
(255, '2012-05-27-Main-Radtour.gpx', '', '2012-05-27-Main-Radtour.gpx', 3, 16, 1, 289684, '2012-06-03', 0, 50.058453, 49.74361, 9.699286, 9.515334, 2049, '2012-05-27', 59.716102805406),
(256, '2012-05-28-Main-Radtour.gpx', '', '2012-05-28-Main-Radtour.gpx', 3, 16, 1, 173571, '2012-06-03', 0, 49.790404, 49.71406, 9.524589, 9.264929, 1232, '2012-05-28', 34.234631021649),
(257, '2012-05-29-Main-Radtour.gpx', '', '2012-05-29-Main-Radtour.gpx', 3, 16, 1, 303388, '2012-06-03', 0, 50.044778, 49.699938, 9.268561, 8.974816, 2201, '2012-05-29', 63.376667501803),
(258, '2012-05-30-Main-Radtour.gpx', '', '2012-05-30-Main-Radtour.gpx', 3, 16, 1, 274036, '2012-06-03', 0, 50.163342, 50.042156, 8.990438, 8.656969, 1945, '2012-05-30', 48.383398222119),
(259, '2012-05-Mainradtour-gesamt', '', '2012-05-Mainradtour-gesatm.gpx', 3, 16, 1, 1112460, '2012-06-03', 20, 50.163342, 49.699938, 9.935496, 8.656969, 9431, '2012-05-25', 254.53924366692),
(260, 'Juist Fahrradtour', '', 'Juist_Fahrrad.gpx', 3, 1, 1, 390601, '2012-07-26', 0, 53.68267, 53.66796, 7.06138, 6.90306, 3916, '2012-07-22', 28.255119704931),
(261, '13_10_2012_11_38.gpx', '', '13_10_2012_11_38.gpx', 3, 4, 1, 195442, '2012-10-13', 0, 51.218975, 51.209391, 9.875753, 9.866238, 1898, '2012-10-13', 7.0622506113931),
(262, '31_01_2013_10_00.gpx', '', '31_01_2013_10_00.gpx', 3, 12, 1, 1199768, '2013-01-31', 0, 46.600622, 46.519014, 11.840429, 11.622492, 11466, '2013-01-31', 68.712606728347),
(273, 'Hamm-Drensteinfurt', '', 'Drensteinfurt.gpx', 3, 1, 1, 85666, '2013-05-01', 0, 51.79879, 51.683224, 7.837905, 7.72576, 996, '2013-06-10', 39.430961106566),
(265, 'Fulda-Radtour.gpx', '', 'Fulda-Radtour.gpx', 3, 17, 1, 1188726, '2013-05-22', 0, 51.3178749382496, 50.4482316970825, 9.96222233399749, 9.46082786656916, 7437, '2013-05-18', 196.31515593783),
(266, '1._Tag.gpx', '', '1._Tag.gpx', 3, 17, 1, 233044, '2013-05-22', 0, 50.5538289248943, 50.4482316970825, 9.96222233399749, 9.66361284255981, 1610, '2013-05-18', 44.154578047541),
(267, '2._Tag.gpx', '', '2._Tag.gpx', 3, 17, 1, 321884, '2013-05-22', 0, 50.8635127544403, 50.549985235557, 9.70154841430485, 9.56008502282202, 2221, '2013-05-19', 57.073734302255),
(268, '3._Tag.gpx', '', '3._Tag.gpx', 3, 17, 1, 315774, '2013-05-22', 0, 51.129057481885, 50.8623092807829, 9.79169293306768, 9.53567733988166, 2180, '2013-05-20', 56.488027745205),
(269, '4._Tag.gpx', '', '4._Tag.gpx', 3, 17, 1, 206972, '2013-05-22', 0, 51.3178749382496, 51.1287649534643, 9.55873612314463, 9.46082786656916, 1426, '2013-05-21', 38.504075350431),
(274, 'Lippewiesen', '', 'Lippewiesen.gpx', 3, 1, 1, 62950, '2013-06-10', 0, 51.710827, 51.683247, 7.91494, 7.799917, 712, '2013-06-10', 26.077995700917),
(291, 'Hamm - Kirchwelver', '', '01.05.2014_Welver.gpx', 3, 1, 1, 307944, '2014-05-01', 0, 51.6859157569707, 51.5923541877419, 7.9666093736887, 7.79987798072398, 1918, '2014-05-01', 47.325196012768),
(272, 'Soest-Anröchte-Möhnesee', '', '2013-06-09-Moehnesee.gpx', 3, 1, 1, 397696, '2013-06-09', 0, 51.6058945655823, 51.4772524684668, 8.32368423230946, 8.10368299484253, 2479, '2013-06-09', 64.743739223974),
(277, 'Lupina', '', '23.06.2013,_23_08_21.gpx', 3, 1, 1, 107401, '2013-06-23', 0, 51.7049993388355, 51.6800616681576, 7.89248468354344, 7.79995886608958, 664, '2013-06-23', 17.819546091275),
(276, 'Grosse-Moehneseeradtour', '', '16.06.2013-Grosse-Moehneseeradtour.gpx', 3, 1, 1, 354028, '2013-06-16', 0, 51.5784092154354, 51.461691884324, 8.19459915161133, 8.05338998325169, 2205, '2013-06-16', 60.415346556768),
(279, '2013-07-30_-_Groedner_Joch.gpx', '', '2013-07-30_-_Groedner_Joch.gpx', 3, 4, 1, 445601, '2013-08-11', 0, 46.550463, 46.537688, 11.841256, 11.808436, 4252, '2013-07-30', 13.854059076059),
(282, '2013-07-31 Kolfuschg Hoehenweg', '', '2013-07-31_-_Kolfuschg_Hoehenweg_.gpx', 3, 18, 1, 460142, '2013-08-11', 0, 46.566235, 46.546345, 11.85453, 11.80868, 4392, '2013-07-31', 13.117719424451),
(283, '2013-08-01 Langkofel', '', '2013-08-01_-_Langofel.gpx', 3, 18, 1, 363692, '2013-08-11', 0, 46.53147, 46.505207, 11.772797, 11.718898, 3470, '2013-08-01', 11.753689421168),
(284, '2013-08-02 Colfosco - Campolongo', '', '2013-08-02_-_Colfosco_-_Campolongo.gpx', 3, 18, 1, 401105, '2013-08-11', 0, 46.54684, 46.518123, 11.88753, 11.840081, 3828, '2013-08-02', 11.547861652033),
(286, '2013-08-03 - Cir Spitzen - Edelweisstal', '', '2013-08-03_-_Cir_Spitzen_-_Edelweisstal.gpx', 3, 18, 1, 523251, '2013-08-11', 0, 46.577071, 46.544726, 11.854678, 11.811522, 4995, '2013-08-03', 14.842737742981),
(287, '2013-08-04 - Chez-Panoramaweg-Covara', '', '2013-08-04_-_Chez-Panoramaweg-Covara.gpx', 3, 18, 1, 498297, '2013-08-11', 0, 46.551263, 46.515059, 11.917248, 11.8728, 4757, '2013-08-04', 13.696767931552),
(288, '2013-08-07 - Fahradtour Reichenau', '', '2013-08-07_-_Fahradtour_Reichenau.gpx', 3, 18, 1, 825944, '2013-08-11', 0, 47.70736, 47.657869, 9.179191, 9.04332, 8043, '2013-08-07', 35.341198949632),
(290, '2013-07-30 Groedner Joch', '', '30.07.2013_Groedner_Joch.gpx', 3, 18, 1, 503825, '2013-08-25', 0, 46.550463, 46.537688, 11.841256, 11.808436, 3730, '2013-07-30', 11.858594063198),
(292, 'Stadtrunde ueber Heesen', '', '18.05.2014_09_47_38.gpx', 3, 1, 1, 118746, '2014-05-18', 0, 51.7139654606581, 51.6832709312439, 7.83784540370107, 7.77715589851141, 730, '2014-05-17', 16.932182273099),
(296, 'Hamm - Schloss Oberwerries - Lupina', '', 'lll.gpx', 3, 1, 1, 151231, '2014-05-18', 0, 51.720836609602, 51.6832709312439, 7.89334131404757, 7.77882942929864, 936, '2014-05-18', 24.915299591184),
(297, 'Geithe - Lippewiesen', '', '25.05.2014_15_03_32.gpx', 3, 1, 1, 181244, '2014-05-25', 0, 51.7032495327294, 51.6699038911611, 7.92319388128817, 7.79990941286087, 1124, '2014-05-25', 29.922360208599),
(299, 'Duisburg-Duesseldorf.gpx', '', 'Duisburg-Duesseldorf.gpx', 3, 8, 1, 139551, '2014-05-27', 0, 51.434417, 51.220715, 6.792025, 6.650227, 1781, '1970-01-01', 39.698016625124),
(300, 'Duesseldorf-Koeln.gpx', '', 'Duesseldorf-Koeln.gpx', 3, 8, 1, 221275, '2014-05-27', 0, 51.224222, 50.960375, 7.003805, 6.72913, 2830, '1970-01-01', 50.051486139013),
(301, 'Koeln-Gruenguertel.gpx', '', 'Koeln-Gruenguertel.gpx', 3, 8, 1, 107636, '2014-05-27', 0, 50.967287, 50.897001, 7.03746, 6.924804, 1358, '1970-01-01', 28.554555820924),
(305, 'Duisburg-Duesseldorf', '', 'Duisburg-Duesseldorf2.gpx', 3, 13, 1, 259482, '2014-06-01', 100, 51.4345335960388, 51.2143997568637, 6.80110498331487, 6.65034681558609, 1617, '2014-05-29', 42.009578686898),
(306, 'Duesseldorf-Koeln', '', 'Duesseldorf-Koeln2.gpx', 3, 13, 1, 342590, '2014-06-01', 110, 51.2244593817741, 50.9604736045003, 7.00394720770419, 6.7290860787034, 2143, '2014-05-30', 53.002422178028),
(304, 'Rund um Koeln', '', 'Rund_um_Koeln.gpx', 3, 13, 1, 243109, '2014-05-31', 120, 50.9672927856445, 50.8969759941101, 7.0374028198421, 6.92494190298021, 1514, '2014-05-31', 31.298625184885),
(307, 'Tag 1 - Bernkastel-Kues nach Traben-Trabach', '', 'Tag_1_-_Bernkastel-Kues_nach_Traben-Trabach.gpx', 3, 19, 1, 135755, '2014-06-10', 0, 49.9842309951782, 49.9146497156471, 7.11384166963398, 6.99749708175659, 834, '2014-06-07', 23.742714316088),
(308, 'Tag 2 - Daun Bernkastel-Kues', '', 'Tag_2_-_Daun_Bernkastel-Kues.gpx', 3, 19, 1, 363351, '2014-06-10', 0, 50.1978774089366, 49.908470325172, 7.07490253262222, 6.83512712828815, 2258, '2014-06-08', 62.186513660105),
(309, 'Tag 3 - Bernkastel-Kues bis Neumagen und zurueck', '', 'Tag_3_-_Bernkastel-Kues_bis_Neumagen_und_zurueck.gpx', 3, 19, 1, 282920, '2014-06-10', 0, 49.9166524875909, 49.8531465791166, 7.07496330142021, 6.89263377338648, 1754, '2014-06-09', 50.297591955429),
(310, 'Hannover-Burgdorf', '', 'Hannover-Burgdorf.gpx', 3, 22, 1, 254509, '2014-08-02', 0, 52.4525866471231, 52.3636609409005, 9.99454605393112, 9.69844585284591, 1582, '2014-07-29', 34.758098793052),
(311, 'Burgdorf-Winsen-Celle', '', 'Burgdorf-Winsen-Celle.gpx', 3, 22, 1, 368296, '2014-08-02', 0, 52.6815216522664, 52.4525765050203, 10.0862536299974, 9.90633272565901, 2289, '2014-07-30', 55.760177671761),
(312, 'Celle-Gifhorn', '', 'Celle-Gifhorn.gpx', 3, 22, 1, 285222, '2014-08-02', 0, 52.6271823607385, 52.4796596076339, 10.5470433086157, 10.0857019331306, 1765, '2014-07-31', 44.628061543054),
(313, 'Gifhorn-Braunschweig', '', 'Gifhorn-Braunschweig.gpx', 3, 22, 1, 204272, '2014-08-02', 0, 52.4796435143799, 52.2640029620379, 10.5779874511063, 10.5218542646617, 1259, '2014-08-01', 32.073749223298),
(314, 'Brunnenkogelhaus.gpx', '', 'Brunnenkogelhaus.gpx', 3, 4, 1, 39642, '2014-08-05', 0, 46.9622929, 46.9451962, 11.075144, 11.0089035, 269, '2010-01-01', 16.393617858145),
(315, 'Sölden-brunnenbergalm-brunnenkogelhaus.gpx', '', 'Sölden-brunnenbergalm-brunnenkogelhaus.gpx', 3, 4, 1, 14120, '2014-08-05', 0, 46.9613107, 46.9450029, 11.0487948, 11.0118344, 86, '2010-01-01', 4.8573563643822),
(316, 'Soelden-brunnenbergalm-brunnenkogelhaus.gpx', '', 'Soelden-brunnenbergalm-brunnenkogelhaus.gpx', 3, 4, 1, 14120, '2014-08-05', 0, 46.9613107, 46.9450029, 11.0487948, 11.0118344, 86, '2010-01-01', 4.8573563643822),
(317, 'bergfextour_wanderroute-kleble-alm.gpx', '', 'bergfextour_wanderroute-kleble-alm.gpx', 3, 4, 1, 30427, '2014-08-05', 0, 46.96953, 46.96149, 11.03438, 11.00973, 258, '2012-05-01', 5.5216018153971),
(318, '2014-08-06 Soelden - Tag 1', '', '2014-08-06-Soelden_-Tag_1.gpx', 3, 18, 1, 250081, '2014-08-06', 0, 46.961681, 46.952782, 11.043084, 11.011496, 2383, '2014-08-06', 11.464061932797),
(319, '108.gpx', '', '108.gpx', 3, 4, 1, 30775, '2014-08-08', 0, 46.8702, 46.82856, 11.02804, 10.99189, 498, '1970-01-01', 6.7196792940892),
(320, 'Hamm - Runde', '', '13.09.2014_16_41_43.gpx', 3, 1, 1, 120791, '2014-09-13', 0, 51.7622195743024, 51.6832684166729, 7.83786233514547, 7.73756649345159, 740, '2014-09-13', 28.416822626554),
(321, 'Schloss_Westerwinkel', '', 'Schloss_Westerwinkel.gpx', 4, 1, 1, 674022, '2015-07-11', 0, 51.743341, 51.674238, 7.802639, 7.640969, 6687, '2015-05-01', 41.414835797226),
(322, 'Heessen', '', 'Heessen-Radtour.gpx', 3, 1, 1, 235481, '2015-07-11', 0, 51.713969, 51.68327, 7.837888, 7.776581, 2329, '2015-05-09', 14.792264947857),
(323, 'Schwarmstedt.gpx', '', 'Schwarmstedt.gpx', 3, 1, 1, 664415, '2015-07-11', 0, 52.679461, 52.369242, 9.740775, 9.599947, 6629, '2015-05-23', 41.032039135486),
(324, 'Kurz mal zum Finanzamt', '', 'Kurz_mal_zum_Finanzamt.gpx', 3, 1, 1, 95450, '2015-07-13', 0, 51.685949, 51.676481, 7.825752, 7.799952, 939, '2015-07-13', 6.1917878941203),
(325, 'Strada_Janin(1).gpx', '', 'Strada_Janin(1).gpx', 3, 4, 1, 258323, '2015-07-16', 0, 46.590139, 46.552347, 11.854413, 11.82917, 2506, '2015-07-16', 13.2906442805),
(326, '2015-07-17 Plattkofel und Langkofelrunde', '', 'Plattkofel_und_Langkofelrunde.gpx', 3, 18, 1, 306415, '2015-07-18', 0, 46.531394, 46.499713, 11.757642, 11.697672, 2974, '2015-07-17', 15.853560505417),
(327, '2015-07-16 Puez Hütte', '', 'Puez_Huette.gpx', 3, 18, 1, 258323, '2015-07-18', 0, 46.590139, 46.552347, 11.854413, 11.82917, 2506, '2015-07-16', 13.2906442805),
(328, '2015-07-18 Rentnerweg', '', 'Rentnerweg.gpx', 3, 18, 1, 123278, '2015-07-18', 0, 46.552377, 46.537651, 11.845189, 11.82089, 1192, '2015-07-18', 6.4751403892771),
(329, 'Drensteinfurt', '', 'Drensteinfurt.gpx', 3, 1, 1, 594387, '2015-08-09', 0, 51.798778, 51.68325, 7.837886, 7.725657, 5892, '2015-08-09', 38.560863862367),
(330, 'Paradieser Weg nach Hamm', '', 'Paradieser_Weg_64_nach_Hamm.gpx', 3, 1, 1, 454689, '2015-08-20', 0, 51.685879, 51.568664, 8.087767, 7.799997, 4504, '2015-08-20', 30.034215320287),
(332, 'Moehnesee', '', 'Moehnesee.gpx', 3, 1, 1, 602745, '2015-08-20', 0, 51.570577, 51.463364, 8.121981, 8.048409, 5973, '2015-08-20', 38.953637392055),
(333, 'Soest-Hamm.gpx', '', 'Soest-Hamm.gpx', 3, 1, 1, 149047, '2015-08-21', 0, 51.685955, 51.569786, 8.097216, 7.799907, 1904, '1970-01-01', 33.347386657807),
(334, 'Soest-Hamm.gpx', '', 'Soest-Hamm.gpx', 3, 8, 1, 149047, '2015-08-22', 0, 51.685955, 51.569786, 8.097216, 7.799907, 1904, '1970-01-01', 33.347386657807),
(335, 'Hamm-Oelde.gpx', '', 'Hamm-Oelde.gpx', 2, 8, 1, 181585, '2015-10-02', 0, 51.819596, 51.683242, 8.229665, 7.799907, 2301, '1970-01-01', 45.056039159213),
(336, 'Oelde-Hamm.gpx', '', 'Oelde-Hamm.gpx', 2, 8, 1, 212604, '2015-10-02', 0, 51.83675, 51.683242, 8.229665, 7.799907, 2704, '1970-01-01', 50.335210532081),
(337, 'Oelde.gpx', '', 'Oelde.gpx', 3, 1, 1, 1516170, '2015-10-03', 0, 51.836773, 51.683213, 8.231076, 7.799931, 15040, '2015-10-03', 97.198603732292),
(340, 'Arraba.gpx', '', 'Arraba.gpx', 3, 12, 1, 976648, '2016-01-31', 0, 46.563627, 46.475598, 11.874439, 11.743879, 9494, '2016-01-28', 62.257009099054),
(379, 'Hamm - Rünthe - Kamen - Hamm', '', '27.05.2016_3:32:40_nachm.vik.gpx', 3, 1, 1, 354077, '2016-09-01', 0, 51.687305, 51.585361, 7.807366, 7.652502, 2816, '2016-05-27', 41.619684552774),
(342, 'Ameke-Walstedde', '', '10.04.2016_4_20_43_nachm..gpx', 3, 1, 1, 386075, '2016-04-10', 0, 51.762257, 51.683243, 7.837852, 7.737463, 1700, '2016-04-10', 28.397873950487),
(343, 'asd', '', 'test.php', 4, 1, 2, 174001, '0000-00-00', 0, -100, 100, -100, 100, 0, '1970-01-01', 0),
(344, 'asd', '', 'test.php3', 3, 1, 1, 174001, '0000-00-00', 0, -100, 100, -100, 100, 0, '1970-01-01', 0),
(345, 'asd', '', 'test.php3', 4, 1, 1, 174001, '0000-00-00', 0, -100, 100, -100, 100, 0, '1970-01-01', 0),
(373, 'Feldgarten_ueber_Lippefaehre.gpx', '', 'Feldgarten_ueber_Lippefaehre.gpx', 3, 8, 1, 71081, '2016-08-06', 0, 51.74371, 51.66764, 7.89438, 7.82737, 623, '2016-08-06', 26.246128470645),
(385, 'Soest - Hamm', '', '13.04.2016_5:26:56_nachm.vik.gpx', 3, 1, 1, 260731, '2016-09-01', 0, 51.698868, 51.576637, 8.114262, 7.799947, 2068, '2016-04-13', 33.75526136976),
(352, '1a_-_Emden_-__Norden.gpx', '', '1a_-_Emden_-__Norden.gpx', 3, 8, 1, 122917, '2016-07-23', 111, 53.60464, 53.36254, 7.27679, 7.18265, 1091, '2016-07-22', 38.204352580208),
(353, '1_-_Emden_-__Norden_via_D1_-_42km.gpx', '', '1_-_Emden_-__Norden_via_D1_-_42km.gpx', 3, 8, 1, 182590, '2016-07-23', 110, 53.60464, 53.35047, 7.21467, 7.03472, 1624, '2016-07-22', 53.936432064677),
(354, '2_-_Norden_-_Wittmund.gpx', '', '2_-_Norden_-_Wittmund.gpx', 3, 8, 1, 97391, '2016-07-23', 112, 53.70368, 53.60464, 7.80256, 7.15588, 863, '2016-07-22', 56.810246458068),
(355, '3-_Wittmund_-_Wilhelmshaven-47km.gpx', '', '3-_Wittmund_-_Wilhelmshaven-47km.gpx', 3, 8, 1, 126858, '2016-07-23', 113, 53.69194, 53.54775, 8.09002, 7.79877, 1126, '2016-07-22', 47.624456464073),
(356, '3a_-_Wittmund_-_Wilhelmshaven-38km.gpx', '', '3a_-_Wittmund_-_Wilhelmshaven-38km.gpx', 3, 8, 1, 91254, '2016-07-23', 114, 53.69194, 53.53623, 8.08455, 7.79877, 808, '2016-07-22', 38.53422276998),
(357, '3b_-_Wittmund_-_Wilhelmshaven.gpx', '', '3b_-_Wittmund_-_Wilhelmshaven.gpx', 3, 8, 1, 105671, '2016-07-23', 115, 53.71027, 53.54775, 8.09002, 7.79877, 937, '2016-07-22', 43.227093935622),
(358, '4_-_Hotel_am_Stadtpark,_Wilhelmshaven_-_Faehre.gpx', '', '4_-_Hotel_am_Stadtpark,_Wilhelmshaven_-_Faehre.gpx', 3, 8, 1, 30174, '2016-07-23', 116, 53.54868, 53.51129, 8.14413, 8.08439, 263, '2016-07-22', 8.945329966226),
(359, '4_-_Butjadingen_-__Bremerhaven_via_D1_-_42,6km.gpx', '', '4_-_Butjadingen_-__Bremerhaven_via_D1_-_42,6km.gpx', 3, 8, 1, 58946, '2016-07-23', 117, 53.60904, 53.51994, 8.59016, 8.23261, 520, '2016-07-22', 42.654501438988),
(360, '4a_Butjadingen_-_Bremerhaven-34km.gpx', '', '4a_Butjadingen_-_Bremerhaven-34km.gpx', 3, 8, 1, 51980, '2016-07-23', 118, 53.54001, 53.47619, 8.59016, 8.23807, 458, '2016-07-22', 33.914530915358),
(361, '5_-_Bremerhaven_-_Bremen_via_D1_-_74,8_km.gpx', '', '5_-_Bremerhaven_-_Bremen_via_D1_-_74,8_km.gpx', 3, 8, 1, 193537, '2016-07-23', 119, 53.54008, 53.14023, 8.71406, 8.44798, 1721, '2016-07-22', 74.803613954546),
(362, '5a__Bremerhaven_-_Bremen_-_63km.gpx', '', '5a__Bremerhaven_-_Bremen_-_63km.gpx', 3, 8, 1, 125705, '2016-07-23', 120, 53.52225, 53.14023, 8.74508, 8.57788, 1112, '2016-07-22', 63.720316150102),
(374, 'Feldgarten_ueber_Sueddinker.gpx', '', 'Feldgarten_ueber_Sueddinker.gpx', 3, 8, 1, 81572, '2016-08-06', 0, 51.70491, 51.62199, 7.93186, 7.85134, 716, '2016-08-06', 29.198878297652),
(364, '01-Emden-Norden', '', '01-Emden-Norden.gpx', 3, 23, 1, 242399, '2016-07-30', 0, 53.604572201147676, 53.33666260354221, 7.213508281856775, 6.998567702248693, 1731, '2016-07-25', 62.212466247548),
(365, '02-Norden-Carolienensiel', '', '02-Norden-Carolienensiel.gpx', 3, 23, 1, 197085, '2016-07-30', 0, 53.70369373820722, 53.60484939068556, 7.802518112584949, 7.157695703208447, 1404, '2016-07-26', 54.79223041245),
(366, '03-Carolinensiel-Wilhemlshaven', '', '03-Carolinensiel-Wilhemlshaven.gpx', 3, 23, 1, 163833, '2016-07-30', 0, 53.69167576543987, 53.53629036806524, 8.084643334150314, 7.798582641407847, 1168, '2016-07-27', 39.193071875332),
(367, '04a-Wilhelmshaven-Helgolandkai', '', '04a-Wilhelmshaven-Helgolandkai.gpx', 3, 23, 1, 47216, '2016-07-30', 0, 53.54860791005194, 53.51215844973922, 8.144677123054862, 8.085040720179677, 337, '2016-07-28', 8.1525262500123),
(370, '04b-Eckwarderhoerde-Blexen', '', '04b-Eckwarderhoerde-Blexen.gpx', 3, 23, 1, 131286, '2016-07-30', 0, 53.609694465994835, 53.52064847946167, 8.544213026762009, 8.23197154328227, 935, '2016-07-28', 36.254184899451),
(371, '04c-Bremerhaven Fähre - Fischkai', '', '04c-Bremerhaven_Faehre_-_Fischkai.gpx', 3, 23, 1, 13846, '2016-07-30', 60, 53.53682488203049, 53.521556658670306, 8.589206747710705, 8.5796729195863, 97, '2016-07-28', 2.8590790340181),
(372, 'Nordseeküste-gesamt', '', 'Nordssekueste-gesamt.gpx', 3, 23, 1, 795997, '2016-08-01', 100, 53.70369373820722, 53.33666260354221, 8.589206747710705, 6.998567702248693, 5684, '2016-07-25', 212.9884415232),
(376, 'Burg Hülshoff', '', '14.08.16,_09-35.gpx', 3, 1, 1, 971427, '2016-08-14', 0, 51.98604, 51.68424, 7.8027, 7.50314, 8591, '2016-08-14', 65.962714780221),
(377, 'Hamm-Burg_Hülshoff-Münster', '', '14.08.2016_9:35:41-Burg_Huelshoff.gpx', 3, 1, 1, 636068, '2016-08-14', 0, 51.986042, 51.684246, 7.802682, 7.503184, 5063, '2016-08-14', 63.745199858823);
INSERT INTO `datei` (`id`, `bezeichnung`, `beschreibung`, `filename`, `quelle`, `kategorie`, `status`, `groesse`, `datum`, `sort`, `lat_max`, `lat_min`, `lon_max`, `lon_min`, `trkpt_count`, `trk_date`, `distance`) VALUES
(378, 'Münster Rieselfelder', '', '01.09.2016_10:48:17_vorm.vik.gpx', 3, 1, 1, 211667, '2016-09-01', 0, 52.029366, 51.956158, 7.664952, 7.612587, 1690, '2016-09-01', 24.47077665152),
(380, 'Feldgarten - Oberwerries - Süddinker', '', '07.08.16,_11_33.gpx', 3, 1, 1, 443035, '2016-09-01', 0, 51.7049, 51.62474, 7.93183, 7.85136, 3914, '2016-08-07', 29.978881421877),
(381, '	Bankerheide - Feldgarten', '', '07.08.16,_10_29.gpx', 3, 1, 1, 97372, '2016-09-01', 0, 51.68589, 51.66751, 7.85795, 7.7999, 856, '2016-08-07', 6.6088509888155),
(382, 'Hamm-Dortmund', '', '06.08.16_Hamm_-_Dortmund.gpx', 3, 1, 1, 545426, '2016-09-01', 0, 51.68569, 51.51457, 7.80269, 7.46268, 4821, '2016-08-06', 37.029807585973),
(383, 'Hamm - Soest', '', '02.07.16,_09_41.gpx', 3, 1, 1, 487972, '2016-09-01', 0, 51.69887, 51.57549, 8.10342, 7.79993, 4311, '2016-07-02', 33.627153374644),
(384, 'Hamm - Soest', '', '05.05.2016_10:18:05_vorm.vik.gpx', 3, 1, 1, 334298, '2016-09-01', 0, 51.685917, 51.576374, 8.103508, 7.799993, 2656, '2016-05-05', 33.511617675302),
(386, 'Hamm - Rünthe', '', '26.05.2016_11:56:44_vorm.vik.gpx', 3, 1, 1, 251473, '2016-09-01', 0, 51.687332, 51.641411, 7.802689, 7.643899, 2008, '2016-05-26', 28.234780847123),
(387, 'Zur Knolle', '', '04.05.2016_5:27:27_nachm.vik.gpx', 3, 1, 1, 103129, '2016-09-01', 0, 51.693932, 51.683208, 7.869794, 7.79998, 821, '2016-05-04', 13.947677409777),
(389, 'Hamm-Seseke-Kamen', '', '01.05.2016_9:47:43_vorm.vik.gpx', 3, 1, 1, 534526, '2016-09-01', 0, 51.685921, 51.558399, 7.875984, 7.664099, 4256, '2016-05-01', 60.71417284754),
(390, '2016-09-20 La Palma - Tinizara', '', '2016-09-20-LaPalma-Tinizara.gpx', 3, 18, 1, 38592, '2016-09-25', 0, 28.741943, 28.739559, -17.985085, -17.992298, 309, '2016-09-20', 3.4379333459631),
(391, '2016-09-21 La Palma - Puntagorda', '', '2016-09-21_@_11-17-24.gpx', 3, 18, 1, 245884, '2016-09-25', 0, 28.774555, 28.754366, -17.974266, -17.990194, 1754, '2016-09-21', 9.7288128119368),
(392, '2016-09-17 La Palma - Tinizara', '', '2016-09-17-La_Palma_-_Tiranzana.gpx', 3, 18, 1, 72322, '2016-09-25', 0, 28.74197, 28.736034, -17.980612, -17.990206, 581, '2016-09-17', 6.4053303464),
(393, '2016-09-18 La-Palma - Kraterrand', '', '2016-09-18-La-Palma-Kraterrand.gpx', 3, 18, 1, 48453, '2016-09-25', 0, 28.762276, 28.756701, -17.855749, -17.878128, 386, '2016-09-18', 5.295072894972),
(395, '2016-09-22 La Palma - Tijarafe', '', '2016-09-22-La-Palma-Tijarafe.gpx', 3, 18, 1, 93246, '2016-09-25', 0, 28.716011, 28.701799, -17.95418, -17.973904, 751, '2016-09-22', 8.1828073699304);

-- --------------------------------------------------------

--
-- Table structure for table `kategorie`
--

CREATE TABLE IF NOT EXISTS `kategorie` (
  `id` int(11) NOT NULL AUTO_INCREMENT,
  `bezeichnung` varchar(40) CHARACTER SET latin1 COLLATE latin1_german1_ci NOT NULL,
  `plural` varchar(40) CHARACTER SET latin1 COLLATE latin1_german1_ci NOT NULL,
  `kommentar` varchar(80) CHARACTER SET latin1 COLLATE latin1_german1_ci NOT NULL,
  `sort` int(4) NOT NULL,
  `privat` tinyint(4) NOT NULL,
  PRIMARY KEY (`id`)
) ENGINE=MyISAM  DEFAULT CHARSET=utf8 AUTO_INCREMENT=24 ;

--
-- Dumping data for table `kategorie`
--

INSERT INTO `kategorie` (`id`, `bezeichnung`, `plural`, `kommentar`, `sort`, `privat`) VALUES
(1, 'Radtour', 'Radtouren', 'Radtouren rund um Hamm', 10, 0),
(2, 'Mapping', 'Mapping', 'Openstreetmap Kartenmapping', 20, 1),
(3, 'Autofahrt', 'Autofahrten', '', 40, 1),
(4, 'Wanderung', 'Wanderungen', '', 50, 1),
(5, 'Main-Radtour', 'Main-Radtour 2008', 'von Bayreuth bis Würzburg', 60, 0),
(6, 'Saale-Radtour', 'Saale-Radtour 2008', 'von Bad Blankenburg bis Halle im Sommer 2008', 70, 0),
(7, 'Bozen-Venedig', 'Bozen-Venedig 2008', 'von Bozen bis Venedig', 80, 0),
(8, 'Radweg', 'Radwege', 'Radwege heruntergeladen aus dem Internet', 15, 0),
(9, 'Elbe-Radtour', 'Elbe-Radtour 2007', 'von Dessau bis Dresden', 55, 0),
(10, 'Diemelradtour', 'Diemelradtour 2009', 'von Willingen bis Höxter entlang Diemel und Weser', 90, 0),
(11, 'Ostseeküstenradweg', 'Ostseeküstenradweg 2009', ' Von Lübeck bis Ahlbeck', 95, 0),
(12, 'Skifahrt', 'Skifahrten', 'Unterwegs auf zwei Brettern', 40, 0),
(13, 'Rheinradweg', 'Rheinradweg 2010', 'Von Mainz bis Köln', 100, 0),
(14, 'Oder-Neisse-Radweg', 'Oder-Neisse-Radweg 2010', 'von Zittau bis zur Ostsee', 110, 0),
(15, 'Erft-Ahr-Radtour 2011', 'Erft-Ahr-Radtour 2011', 'Die Erft von Kerpen bis zu Quelle, die Ahr von der Quelle bis zur M&uuml;ndung.', 120, 0),
(16, 'Main-Radtour 2012', 'Main-Radtour 2012', 'Von W&uuml;rzburg bis Frankfurt', 127, 0),
(17, 'Fulda-Radtour 2013', 'Fulda-Radtour 2013', 'Von der Wasserkuppe bis Kassel entlang der Fulda', 130, 0),
(18, 'Wanderung', 'Wanderungen', '', 45, 0),
(19, 'Mosel - Pfingsten 2014', 'Mosel 2014', 'Rund um Bernkastel-Kues', 140, 0),
(22, 'S&uuml;dheide 2014', 'S&uuml;dheide 2014', 'Hannover-Burgdorf-Celle-Gifhorn-Braunschweig', 150, 0),
(23, 'Nordseek&uuml;stenradweg', 'Nordseek&uuml;stenradweg', '', 170, 0);

-- --------------------------------------------------------

--
-- Table structure for table `quelle`
--

CREATE TABLE IF NOT EXISTS `quelle` (
  `id` int(11) NOT NULL AUTO_INCREMENT,
  `bezeichnung` varchar(20) CHARACTER SET latin1 COLLATE latin1_german1_ci NOT NULL,
  `kommentar` varchar(80) CHARACTER SET latin1 COLLATE latin1_german1_ci NOT NULL,
  `sort` tinyint(4) NOT NULL,
  PRIMARY KEY (`id`)
) ENGINE=MyISAM  DEFAULT CHARSET=utf8 AUTO_INCREMENT=5 ;

--
-- Dumping data for table `quelle`
--

INSERT INTO `quelle` (`id`, `bezeichnung`, `kommentar`, `sort`) VALUES
(1, 'privat - N800', '', 25),
(2, 'extern', '', 40),
(3, 'privat - etrex', 'Garmin Etrex Legend HCx', 10),
(4, 'HTC-Hero', 'MyTracks', 20);

-- --------------------------------------------------------

--
-- Table structure for table `user`
--

CREATE TABLE IF NOT EXISTS `user` (
  `id` int(11) NOT NULL AUTO_INCREMENT,
  `login` varchar(20) NOT NULL,
  `role` varchar(10) NOT NULL,
  `password` varchar(50) NOT NULL,
  `name` varchar(60) NOT NULL,
  `bemerkung` varchar(60) NOT NULL,
  PRIMARY KEY (`id`)
) ENGINE=MyISAM  DEFAULT CHARSET=utf8 AUTO_INCREMENT=2 ;

--
-- Dumping data for table `user`
--

INSERT INTO `user` (`id`, `login`, `role`, `password`, `name`, `bemerkung`) VALUES
(1, 'whupfeld', '', '*5B0A26F6691E7C40FCED40E941DC469ED32B072A', 'Walter Hupfeld', '');
